﻿<?xml version="1.0" encoding="utf-8"?>
<!--DO NOT EDIT. This document is generated by PSoC Creator design builds.-->
<PSoCCreatorIdeExport Version="1">
  <Device Part="CY8C5888LTI-LP097" Processor="CortexM3" DeviceID="2E161069" />
  <Toolchains>
    <Toolchain Name="ARM GCC Generic" Selected="True">
      <Tool Name="prebuild" Command="" Options="" />
      <Tool Name="assembler" Command="arm-none-eabi-as.exe" Options="-mcpu=cortex-m3 -mthumb -I. -IGenerated_Source\PSoC5 -alh=${OutputDir}/${CompileFile}.lst -g -W" />
      <Tool Name="compiler" Command="arm-none-eabi-gcc.exe" Options="-mcpu=cortex-m3 -mthumb -Wno-main -I. -IGenerated_Source\PSoC5 -Wa,-alh=${OutputDir}/${CompileFile}.lst -g -D DEBUG -Wall -ffunction-sections -Og -ffat-lto-objects" />
      <Tool Name="linker" Command="arm-none-eabi-gcc.exe" Options="-mcpu=cortex-m3 -mthumb -g -ffunction-sections -Og -ffat-lto-objects -L Generated_Source\PSoC5 -Wl,-Map,${OutputDir}/${ProjectShortName}.map -T Generated_Source\PSoC5\cm3gcc.ld -specs=nano.specs -Wl,--gc-sections" />
      <Tool Name="postbuild" Command="" Options="" />
    </Toolchain>
    <Toolchain Name="ARM MDK Generic" Selected="False">
      <Tool Name="prebuild" Command="" Options="" />
      <Tool Name="assembler" Command="armasm.exe" Options="--cpu=Cortex-M3 --diag_style=gnu --thumb -i. -iGenerated_Source\PSoC5 -g --list=${OutputDir}/${CompileFile}.lst" />
      <Tool Name="compiler" Command="armcc.exe" Options="--cpu=Cortex-M3 --diag_style=gnu --diag_suppress=951 -I. -IGenerated_Source\PSoC5 --list --signed_chars -g -D DEBUG -O0 --split_sections" />
      <Tool Name="linker" Command="armlink.exe" Options="--cpu=Cortex-M3 --diag_style=gnu --no_startup --library_type=microlib --map --list ${OutputDir}/${ProjectShortName}.map --scatter Generated_Source\PSoC5\Cm3RealView.scat" />
      <Tool Name="postbuild" Command="" Options="" />
    </Toolchain>
    <Toolchain Name="ARM IAR Generic" Selected="False">
      <Tool Name="prebuild" Command="" Options="" />
      <Tool Name="assembler" Command="iasmarm.exe" Options="--cpu Cortex-M3 -I. -IGenerated_Source\PSoC5 -s+ -M&lt;&gt; -w+ -r -DDEBUG --fpu None" />
      <Tool Name="compiler" Command="iccarm.exe" Options="--cpu Cortex-M3 -I. -IGenerated_Source\PSoC5 -D DEBUG --no_cse --no_unroll --no_inline --no_code_motion --no_tbaa --no_clustering --no_scheduling --debug --endian=little -e --fpu=None -On --no_wrap_diagnostics" />
      <Tool Name="linker" Command="ilinkarm.exe" Options="--semihosting --entry __iar_program_start --config Generated_Source\PSoC5\Cm3Iar.icf" />
      <Tool Name="postbuild" Command="" Options="" />
    </Toolchain>
  </Toolchains>
  <Project Name="Design01" Path="\\files.auckland.ac.nz\myhome\Desktop\PacMan-Robot-master\PacMan-Robot-master\301_Group_3_Software\Workspace01\Workspace01\Workspace01\Design01.cydsn" Version="5.40" Type="Normal">
    <CMSIS_SVD_File>Design01.svd</CMSIS_SVD_File>
    <Datasheet />
    <LinkerFiles>
      <LinkerFile Toolchain="ARM GCC Generic">.\Generated_Source\PSoC5\cm3gcc.ld</LinkerFile>
      <LinkerFile Toolchain="ARM MDK Generic">.\Generated_Source\PSoC5\Cm3RealView.scat</LinkerFile>
      <LinkerFile Toolchain="ARM IAR Generic">.\Generated_Source\PSoC5\Cm3Iar.icf</LinkerFile>
    </LinkerFiles>
    <Folders>
      <Folder BuildType="BUILD" Path="\\files.auckland.ac.nz\myhome\Desktop\PacMan-Robot-master\PacMan-Robot-master\301_Group_3_Software\Workspace01\Workspace01\Workspace01\Design01.cydsn">
        <Files Root="\\files.auckland.ac.nz\myhome\Desktop\PacMan-Robot-master\PacMan-Robot-master\301_Group_3_Software\Workspace01\Workspace01\Workspace01\Design01.cydsn">
          <File BuildType="BUILD" Toolchain="">.\main.c</File>
          <File BuildType="BUILD" Toolchain="">.\cyapicallbacks.h</File>
        </Files>
      </Folder>
      <Folder BuildType="STRICT" Path="\\files.auckland.ac.nz\myhome\Desktop\PacMan-Robot-master\PacMan-Robot-master\301_Group_3_Software\Workspace01\Workspace01\Workspace01\Design01.cydsn\Generated_Source\PSoC5">
        <Files Root="\\files.auckland.ac.nz\myhome\Desktop\PacMan-Robot-master\PacMan-Robot-master\301_Group_3_Software\Workspace01\Workspace01\Workspace01\Design01.cydsn">
          <File BuildType="BUILD" Toolchain="">.\Generated_Source\PSoC5\cyfitter_cfg.h</File>
          <File BuildType="BUILD" Toolchain="">.\Generated_Source\PSoC5\cyfitter_cfg.c</File>
          <File BuildType="BUILD" Toolchain="">.\Generated_Source\PSoC5\cymetadata.c</File>
          <File BuildType="BUILD" Toolchain="">.\Generated_Source\PSoC5\cydevice.h</File>
          <File BuildType="BUILD" Toolchain="">.\Generated_Source\PSoC5\cydevicegnu.inc</File>
          <File BuildType="BUILD" Toolchain="">.\Generated_Source\PSoC5\cydevicerv.inc</File>
          <File BuildType="BUILD" Toolchain="">.\Generated_Source\PSoC5\cydeviceiar.inc</File>
          <File BuildType="BUILD" Toolchain="">.\Generated_Source\PSoC5\cydevice_trm.h</File>
          <File BuildType="BUILD" Toolchain="">.\Generated_Source\PSoC5\cydevicegnu_trm.inc</File>
          <File BuildType="BUILD" Toolchain="">.\Generated_Source\PSoC5\cydevicerv_trm.inc</File>
          <File BuildType="BUILD" Toolchain="">.\Generated_Source\PSoC5\cydeviceiar_trm.inc</File>
          <File BuildType="BUILD" Toolchain="">.\Generated_Source\PSoC5\cyfittergnu.inc</File>
          <File BuildType="BUILD" Toolchain="">.\Generated_Source\PSoC5\cyfitterrv.inc</File>
          <File BuildType="BUILD" Toolchain="">.\Generated_Source\PSoC5\cyfitteriar.inc</File>
          <File BuildType="BUILD" Toolchain="">.\Generated_Source\PSoC5\cyfitter.h</File>
          <File BuildType="BUILD" Toolchain="">.\Generated_Source\PSoC5\cydisabledsheets.h</File>
          <File BuildType="BUILD" Toolchain="">.\Generated_Source\PSoC5\cycodeshareimport.ld</File>
          <File BuildType="BUILD" Toolchain="">.\Generated_Source\PSoC5\cycodeshareexport.ld</File>
          <File BuildType="BUILD" Toolchain="">.\Generated_Source\PSoC5\cycodeshareimport.scat</File>
          <File BuildType="BUILD" Toolchain="">.\Generated_Source\PSoC5\cm3gcc.ld</File>
          <File BuildType="BUILD" Toolchain="">.\Generated_Source\PSoC5\Cm3RealView.scat</File>
          <File BuildType="BUILD" Toolchain="">.\Generated_Source\PSoC5\Cm3Start.c</File>
          <File BuildType="BUILD" Toolchain="">.\Generated_Source\PSoC5\core_cm3.h</File>
          <File BuildType="BUILD" Toolchain="">.\Generated_Source\PSoC5\core_cm3_psoc5.h</File>
          <File BuildType="BUILD" Toolchain="ARM GCC Generic">.\Generated_Source\PSoC5\CyBootAsmGnu.s</File>
          <File BuildType="BUILD" Toolchain="ARM MDK Generic">.\Generated_Source\PSoC5\CyBootAsmRv.s</File>
          <File BuildType="BUILD" Toolchain="">.\Generated_Source\PSoC5\CyDmac.c</File>
          <File BuildType="BUILD" Toolchain="">.\Generated_Source\PSoC5\CyDmac.h</File>
          <File BuildType="BUILD" Toolchain="">.\Generated_Source\PSoC5\CyFlash.c</File>
          <File BuildType="BUILD" Toolchain="">.\Generated_Source\PSoC5\CyFlash.h</File>
          <File BuildType="BUILD" Toolchain="">.\Generated_Source\PSoC5\CyLib.c</File>
          <File BuildType="BUILD" Toolchain="">.\Generated_Source\PSoC5\CyLib.h</File>
          <File BuildType="BUILD" Toolchain="">.\Generated_Source\PSoC5\cypins.h</File>
          <File BuildType="BUILD" Toolchain="">.\Generated_Source\PSoC5\cyPm.c</File>
          <File BuildType="BUILD" Toolchain="">.\Generated_Source\PSoC5\cyPm.h</File>
          <File BuildType="BUILD" Toolchain="">.\Generated_Source\PSoC5\CySpc.c</File>
          <File BuildType="BUILD" Toolchain="">.\Generated_Source\PSoC5\CySpc.h</File>
          <File BuildType="BUILD" Toolchain="">.\Generated_Source\PSoC5\cytypes.h</File>
          <File BuildType="BUILD" Toolchain="">.\Generated_Source\PSoC5\cyutils.c</File>
          <File BuildType="BUILD" Toolchain="">.\Generated_Source\PSoC5\core_cmFunc.h</File>
          <File BuildType="BUILD" Toolchain="">.\Generated_Source\PSoC5\core_cmInstr.h</File>
          <File BuildType="BUILD" Toolchain="">.\Generated_Source\PSoC5\Cm3Iar.icf</File>
          <File BuildType="BUILD" Toolchain="ARM IAR Generic">.\Generated_Source\PSoC5\CyBootAsmIar.s</File>
          <File BuildType="BUILD" Toolchain="">.\Generated_Source\PSoC5\cmsis_armcc.h</File>
          <File BuildType="BUILD" Toolchain="">.\Generated_Source\PSoC5\cmsis_gcc.h</File>
          <File BuildType="BUILD" Toolchain="">.\Generated_Source\PSoC5\project.h</File>
          <File BuildType="BUILD" Toolchain="">.\Generated_Source\PSoC5\LED_aliases.h</File>
          <File BuildType="BUILD" Toolchain="">.\Generated_Source\PSoC5\LED.c</File>
          <File BuildType="BUILD" Toolchain="">.\Generated_Source\PSoC5\LED.h</File>
          <File BuildType="BUILD" Toolchain="">.\Generated_Source\PSoC5\ADC_SAR_1.c</File>
          <File BuildType="BUILD" Toolchain="">.\Generated_Source\PSoC5\ADC_SAR_1.h</File>
          <File BuildType="BUILD" Toolchain="">.\Generated_Source\PSoC5\ADC_SAR_1_INT.c</File>
          <File BuildType="BUILD" Toolchain="">.\Generated_Source\PSoC5\ADC_SAR_1_PM.c</File>
          <File BuildType="BUILD" Toolchain="">.\Generated_Source\PSoC5\ADC_SAR_1_IRQ.c</File>
          <File BuildType="BUILD" Toolchain="">.\Generated_Source\PSoC5\ADC_SAR_1_IRQ.h</File>
          <File BuildType="BUILD" Toolchain="">.\Generated_Source\PSoC5\ADC_SAR_1_theACLK.c</File>
          <File BuildType="BUILD" Toolchain="">.\Generated_Source\PSoC5\ADC_SAR_1_theACLK.h</File>
          <File BuildType="BUILD" Toolchain="">.\Generated_Source\PSoC5\PWM_1.c</File>
          <File BuildType="BUILD" Toolchain="">.\Generated_Source\PSoC5\PWM_1.h</File>
          <File BuildType="BUILD" Toolchain="">.\Generated_Source\PSoC5\PWM_1_PM.c</File>
          <File BuildType="BUILD" Toolchain="">.\Generated_Source\PSoC5\Clock_1.c</File>
          <File BuildType="BUILD" Toolchain="">.\Generated_Source\PSoC5\Clock_1.h</File>
          <File BuildType="BUILD" Toolchain="">.\Generated_Source\PSoC5\PWM_2.c</File>
          <File BuildType="BUILD" Toolchain="">.\Generated_Source\PSoC5\PWM_2.h</File>
          <File BuildType="BUILD" Toolchain="">.\Generated_Source\PSoC5\PWM_2_PM.c</File>
          <File BuildType="BUILD" Toolchain="">.\Generated_Source\PSoC5\Clock_2.c</File>
          <File BuildType="BUILD" Toolchain="">.\Generated_Source\PSoC5\Clock_2.h</File>
          <File BuildType="BUILD" Toolchain="">.\Generated_Source\PSoC5\ADC_SAR_1_ExtVref_aliases.h</File>
          <File BuildType="BUILD" Toolchain="">.\Generated_Source\PSoC5\ADC_SAR_1_ExtVref.c</File>
          <File BuildType="BUILD" Toolchain="">.\Generated_Source\PSoC5\ADC_SAR_1_ExtVref.h</File>
          <File BuildType="BUILD" Toolchain="">.\Generated_Source\PSoC5\PW1_1_aliases.h</File>
          <File BuildType="BUILD" Toolchain="">.\Generated_Source\PSoC5\PW1_1.c</File>
          <File BuildType="BUILD" Toolchain="">.\Generated_Source\PSoC5\PW1_1.h</File>
          <File BuildType="BUILD" Toolchain="">.\Generated_Source\PSoC5\PW1_2_aliases.h</File>
          <File BuildType="BUILD" Toolchain="">.\Generated_Source\PSoC5\PW1_2.c</File>
          <File BuildType="BUILD" Toolchain="">.\Generated_Source\PSoC5\PW1_2.h</File>
          <File BuildType="BUILD" Toolchain="">.\Generated_Source\PSoC5\chA1_aliases.h</File>
          <File BuildType="BUILD" Toolchain="">.\Generated_Source\PSoC5\chA1.c</File>
          <File BuildType="BUILD" Toolchain="">.\Generated_Source\PSoC5\chA1.h</File>
          <File BuildType="BUILD" Toolchain="">.\Generated_Source\PSoC5\chA2_aliases.h</File>
          <File BuildType="BUILD" Toolchain="">.\Generated_Source\PSoC5\chA2.c</File>
          <File BuildType="BUILD" Toolchain="">.\Generated_Source\PSoC5\chA2.h</File>
          <File BuildType="BUILD" Toolchain="">.\Generated_Source\PSoC5\PW2_1_aliases.h</File>
          <File BuildType="BUILD" Toolchain="">.\Generated_Source\PSoC5\PW2_1.c</File>
          <File BuildType="BUILD" Toolchain="">.\Generated_Source\PSoC5\PW2_1.h</File>
          <File BuildType="BUILD" Toolchain="">.\Generated_Source\PSoC5\PW2_2_aliases.h</File>
          <File BuildType="BUILD" Toolchain="">.\Generated_Source\PSoC5\PW2_2.c</File>
          <File BuildType="BUILD" Toolchain="">.\Generated_Source\PSoC5\PW2_2.h</File>
          <File BuildType="BUILD" Toolchain="">.\Generated_Source\PSoC5\Timer_1.c</File>
          <File BuildType="BUILD" Toolchain="">.\Generated_Source\PSoC5\Timer_1.h</File>
          <File BuildType="BUILD" Toolchain="">.\Generated_Source\PSoC5\Timer_1_PM.c</File>
          <File BuildType="BUILD" Toolchain="">.\Generated_Source\PSoC5\isr_1.c</File>
          <File BuildType="BUILD" Toolchain="">.\Generated_Source\PSoC5\isr_1.h</File>
          <File BuildType="BUILD" Toolchain="">.\Generated_Source\PSoC5\QuadDec_1.c</File>
          <File BuildType="BUILD" Toolchain="">.\Generated_Source\PSoC5\QuadDec_1.h</File>
          <File BuildType="BUILD" Toolchain="">.\Generated_Source\PSoC5\QuadDec_1_PM.c</File>
          <File BuildType="BUILD" Toolchain="">.\Generated_Source\PSoC5\QuadDec_2.c</File>
          <File BuildType="BUILD" Toolchain="">.\Generated_Source\PSoC5\QuadDec_2.h</File>
          <File BuildType="BUILD" Toolchain="">.\Generated_Source\PSoC5\QuadDec_2_PM.c</File>
          <File BuildType="BUILD" Toolchain="">.\Generated_Source\PSoC5\chB1_aliases.h</File>
          <File BuildType="BUILD" Toolchain="">.\Generated_Source\PSoC5\chB1.c</File>
          <File BuildType="BUILD" Toolchain="">.\Generated_Source\PSoC5\chB1.h</File>
          <File BuildType="BUILD" Toolchain="">.\Generated_Source\PSoC5\chB2_aliases.h</File>
          <File BuildType="BUILD" Toolchain="">.\Generated_Source\PSoC5\chB2.c</File>
          <File BuildType="BUILD" Toolchain="">.\Generated_Source\PSoC5\chB2.h</File>
          <File BuildType="BUILD" Toolchain="">.\Generated_Source\PSoC5\QuadDec_1_Cnt8.c</File>
          <File BuildType="BUILD" Toolchain="">.\Generated_Source\PSoC5\QuadDec_1_Cnt8.h</File>
          <File BuildType="BUILD" Toolchain="">.\Generated_Source\PSoC5\QuadDec_1_Cnt8_PM.c</File>
          <File BuildType="BUILD" Toolchain="">.\Generated_Source\PSoC5\QuadDec_2_Cnt8.c</File>
          <File BuildType="BUILD" Toolchain="">.\Generated_Source\PSoC5\QuadDec_2_Cnt8.h</File>
          <File BuildType="BUILD" Toolchain="">.\Generated_Source\PSoC5\QuadDec_2_Cnt8_PM.c</File>
          <File BuildType="BUILD" Toolchain="">.\Generated_Source\PSoC5\Sensor1_aliases.h</File>
          <File BuildType="BUILD" Toolchain="">.\Generated_Source\PSoC5\Sensor1.c</File>
          <File BuildType="BUILD" Toolchain="">.\Generated_Source\PSoC5\Sensor1.h</File>
          <File BuildType="BUILD" Toolchain="">.\Generated_Source\PSoC5\Sensor2_aliases.h</File>
          <File BuildType="BUILD" Toolchain="">.\Generated_Source\PSoC5\Sensor2.c</File>
          <File BuildType="BUILD" Toolchain="">.\Generated_Source\PSoC5\Sensor2.h</File>
          <File BuildType="BUILD" Toolchain="">.\Generated_Source\PSoC5\Sensor3_aliases.h</File>
          <File BuildType="BUILD" Toolchain="">.\Generated_Source\PSoC5\Sensor3.c</File>
          <File BuildType="BUILD" Toolchain="">.\Generated_Source\PSoC5\Sensor3.h</File>
          <File BuildType="BUILD" Toolchain="">.\Generated_Source\PSoC5\ADC_SAR_Seq_1.c</File>
          <File BuildType="BUILD" Toolchain="">.\Generated_Source\PSoC5\ADC_SAR_Seq_1.h</File>
          <File BuildType="BUILD" Toolchain="">.\Generated_Source\PSoC5\ADC_SAR_Seq_1_PM.c</File>
          <File BuildType="BUILD" Toolchain="">.\Generated_Source\PSoC5\ADC_SAR_Seq_1_INT.c</File>
          <File BuildType="BUILD" Toolchain="">.\Generated_Source\PSoC5\Sensor4_aliases.h</File>
          <File BuildType="BUILD" Toolchain="">.\Generated_Source\PSoC5\Sensor4.c</File>
          <File BuildType="BUILD" Toolchain="">.\Generated_Source\PSoC5\Sensor4.h</File>
          <File BuildType="BUILD" Toolchain="">.\Generated_Source\PSoC5\Sensor5_aliases.h</File>
          <File BuildType="BUILD" Toolchain="">.\Generated_Source\PSoC5\Sensor5.c</File>
          <File BuildType="BUILD" Toolchain="">.\Generated_Source\PSoC5\Sensor5.h</File>
          <File BuildType="BUILD" Toolchain="">.\Generated_Source\PSoC5\ADC_SAR_Seq_1_SAR.c</File>
          <File BuildType="BUILD" Toolchain="">.\Generated_Source\PSoC5\ADC_SAR_Seq_1_SAR.h</File>
          <File BuildType="BUILD" Toolchain="">.\Generated_Source\PSoC5\ADC_SAR_Seq_1_SAR_INT.c</File>
          <File BuildType="BUILD" Toolchain="">.\Generated_Source\PSoC5\ADC_SAR_Seq_1_SAR_PM.c</File>
          <File BuildType="BUILD" Toolchain="">.\Generated_Source\PSoC5\ADC_SAR_Seq_1_IntClock.c</File>
          <File BuildType="BUILD" Toolchain="">.\Generated_Source\PSoC5\ADC_SAR_Seq_1_IntClock.h</File>
          <File BuildType="BUILD" Toolchain="">.\Generated_Source\PSoC5\ADC_SAR_Seq_1_TempBuf_dma.c</File>
          <File BuildType="BUILD" Toolchain="">.\Generated_Source\PSoC5\ADC_SAR_Seq_1_TempBuf_dma.h</File>
          <File BuildType="BUILD" Toolchain="">.\Generated_Source\PSoC5\ADC_SAR_Seq_1_FinalBuf_dma.c</File>
          <File BuildType="BUILD" Toolchain="">.\Generated_Source\PSoC5\ADC_SAR_Seq_1_FinalBuf_dma.h</File>
          <File BuildType="BUILD" Toolchain="">.\Generated_Source\PSoC5\ADC_SAR_Seq_1_IRQ.c</File>
          <File BuildType="BUILD" Toolchain="">.\Generated_Source\PSoC5\ADC_SAR_Seq_1_IRQ.h</File>
          <File BuildType="BUILD" Toolchain="">.\Generated_Source\PSoC5\ADC_SAR_Seq_1_SAR_ExtVref_aliases.h</File>
          <File BuildType="BUILD" Toolchain="">.\Generated_Source\PSoC5\ADC_SAR_Seq_1_SAR_ExtVref.c</File>
          <File BuildType="BUILD" Toolchain="">.\Generated_Source\PSoC5\ADC_SAR_Seq_1_SAR_ExtVref.h</File>
          <File BuildType="BUILD" Toolchain="">.\Generated_Source\PSoC5\UART_1.c</File>
          <File BuildType="BUILD" Toolchain="">.\Generated_Source\PSoC5\UART_1.h</File>
          <File BuildType="BUILD" Toolchain="">.\Generated_Source\PSoC5\UART_1_PM.c</File>
          <File BuildType="BUILD" Toolchain="">.\Generated_Source\PSoC5\UART_1_INT.c</File>
          <File BuildType="BUILD" Toolchain="">.\Generated_Source\PSoC5\UART_1_BOOT.c</File>
          <File BuildType="BUILD" Toolchain="">.\Generated_Source\PSoC5\UART_1_IntClock.c</File>
          <File BuildType="BUILD" Toolchain="">.\Generated_Source\PSoC5\UART_1_IntClock.h</File>
          <File BuildType="BUILD" Toolchain="">.\Generated_Source\PSoC5\UART_2.c</File>
          <File BuildType="BUILD" Toolchain="">.\Generated_Source\PSoC5\UART_2.h</File>
          <File BuildType="BUILD" Toolchain="">.\Generated_Source\PSoC5\UART_2_PM.c</File>
          <File BuildType="BUILD" Toolchain="">.\Generated_Source\PSoC5\UART_2_INT.c</File>
          <File BuildType="BUILD" Toolchain="">.\Generated_Source\PSoC5\UART_2_BOOT.c</File>
          <File BuildType="BUILD" Toolchain="">.\Generated_Source\PSoC5\UART_2_IntClock.c</File>
          <File BuildType="BUILD" Toolchain="">.\Generated_Source\PSoC5\UART_2_IntClock.h</File>
        </Files>
      </Folder>
      <Folder BuildType="STRICT" Path="\\files.auckland.ac.nz\myhome\Desktop\PacMan-Robot-master\PacMan-Robot-master\301_Group_3_Software\Workspace01\Workspace01\Workspace01\Design01.cydsn\Export\ARM_GCC_Generic">
        <Files Root="\\files.auckland.ac.nz\myhome\Desktop\PacMan-Robot-master\PacMan-Robot-master\301_Group_3_Software\Workspace01\Workspace01\Workspace01\Design01.cydsn">
          <File BuildType="BUILD" Toolchain="ARM GCC Generic">.\Export\ARM_GCC_Generic\CyComponentLibrary.a</File>
        </Files>
      </Folder>
      <Folder BuildType="STRICT" Path="\\files.auckland.ac.nz\myhome\Desktop\PacMan-Robot-master\PacMan-Robot-master\301_Group_3_Software\Workspace01\Workspace01\Workspace01\Design01.cydsn\Export\ARM_MDK_Generic">
        <Files Root="\\files.auckland.ac.nz\myhome\Desktop\PacMan-Robot-master\PacMan-Robot-master\301_Group_3_Software\Workspace01\Workspace01\Workspace01\Design01.cydsn">
          <File BuildType="BUILD" Toolchain="ARM MDK Generic">.\Export\ARM_MDK_Generic\CyComponentLibrary.a</File>
        </Files>
      </Folder>
      <Folder BuildType="STRICT" Path="\\files.auckland.ac.nz\myhome\Desktop\PacMan-Robot-master\PacMan-Robot-master\301_Group_3_Software\Workspace01\Workspace01\Workspace01\Design01.cydsn\Export\ARM_IAR_Generic">
        <Files Root="\\files.auckland.ac.nz\myhome\Desktop\PacMan-Robot-master\PacMan-Robot-master\301_Group_3_Software\Workspace01\Workspace01\Workspace01\Design01.cydsn">
          <File BuildType="BUILD" Toolchain="ARM IAR Generic">.\Export\ARM_IAR_Generic\CyComponentLibrary.a</File>
        </Files>
      </Folder>
      <Folder BuildType="EXCLUDE" Path=".\codegentemp">
        <Files Root="\\files.auckland.ac.nz\myhome\Desktop\PacMan-Robot-master\PacMan-Robot-master\301_Group_3_Software\Workspace01\Workspace01\Workspace01\Design01.cydsn" />
      </Folder>
      <Folder BuildType="EXCLUDE" Path=".\ARM_GCC_441">
        <Files Root="\\files.auckland.ac.nz\myhome\Desktop\PacMan-Robot-master\PacMan-Robot-master\301_Group_3_Software\Workspace01\Workspace01\Workspace01\Design01.cydsn" />
      </Folder>
      <Folder BuildType="EXCLUDE" Path=".\ARM_GCC_473">
        <Files Root="\\files.auckland.ac.nz\myhome\Desktop\PacMan-Robot-master\PacMan-Robot-master\301_Group_3_Software\Workspace01\Workspace01\Workspace01\Design01.cydsn" />
      </Folder>
      <Folder BuildType="EXCLUDE" Path=".\DP8051_Keil_952">
        <Files Root="\\files.auckland.ac.nz\myhome\Desktop\PacMan-Robot-master\PacMan-Robot-master\301_Group_3_Software\Workspace01\Workspace01\Workspace01\Design01.cydsn" />
      </Folder>
      <Folder BuildType="EXCLUDE" Path=".\DP8051">
        <Files Root="\\files.auckland.ac.nz\myhome\Desktop\PacMan-Robot-master\PacMan-Robot-master\301_Group_3_Software\Workspace01\Workspace01\Workspace01\Design01.cydsn" />
      </Folder>
      <Folder BuildType="EXCLUDE" Path=".\CortexM0">
        <Files Root="\\files.auckland.ac.nz\myhome\Desktop\PacMan-Robot-master\PacMan-Robot-master\301_Group_3_Software\Workspace01\Workspace01\Workspace01\Design01.cydsn" />
      </Folder>
      <Folder BuildType="EXCLUDE" Path=".\CortexM0p">
        <Files Root="\\files.auckland.ac.nz\myhome\Desktop\PacMan-Robot-master\PacMan-Robot-master\301_Group_3_Software\Workspace01\Workspace01\Workspace01\Design01.cydsn" />
      </Folder>
      <Folder BuildType="EXCLUDE" Path=".\CortexM3">
        <Files Root="\\files.auckland.ac.nz\myhome\Desktop\PacMan-Robot-master\PacMan-Robot-master\301_Group_3_Software\Workspace01\Workspace01\Workspace01\Design01.cydsn" />
      </Folder>
      <Folder BuildType="EXCLUDE" Path=".\CortexM4">
        <Files Root="\\files.auckland.ac.nz\myhome\Desktop\PacMan-Robot-master\PacMan-Robot-master\301_Group_3_Software\Workspace01\Workspace01\Workspace01\Design01.cydsn" />
      </Folder>
      <Folder BuildType="EXCLUDE" Path=".\CortexM7">
        <Files Root="\\files.auckland.ac.nz\myhome\Desktop\PacMan-Robot-master\PacMan-Robot-master\301_Group_3_Software\Workspace01\Workspace01\Workspace01\Design01.cydsn" />
      </Folder>
      <Folder BuildType="EXCLUDE" Path=".\Generated_Source\PSoC3">
        <Files Root="\\files.auckland.ac.nz\myhome\Desktop\PacMan-Robot-master\PacMan-Robot-master\301_Group_3_Software\Workspace01\Workspace01\Workspace01\Design01.cydsn" />
      </Folder>
      <Folder BuildType="EXCLUDE" Path=".\Generated_Source\PSoC4">
        <Files Root="\\files.auckland.ac.nz\myhome\Desktop\PacMan-Robot-master\PacMan-Robot-master\301_Group_3_Software\Workspace01\Workspace01\Workspace01\Design01.cydsn" />
      </Folder>
    </Folders>
  </Project>
</PSoCCreatorIdeExport>